最新周次,solution名称,英文名称,页面路径,中文URL,英文URL,落地页访问量,独立访客数,平均停留时长,参与率,CTA点击量,表单提交,主要流量来源,数据状态,分析结论,建议动作,更新时间
2026-07-27,语音采集与分析,Voice Collection and Analysis,/solutions/voicecollectionanalysis,https://www.seeedstudio.com.cn/solutions/voicecollectionanalysis,https://www.seeed.cc/solutions/voicecollectionanalysis,0,0,0.00,0.00%,待接入 CTA 点击事件,0,未命中,GA4未命中,GA4未命中：需确认 seeed.cc / 中文站是否接入当前 GA4 Property，或下一次用 /solutions 过滤专项拉数,若未命中，确认页面埋点和 GA4 property；若已命中，按渠道/CTA/表单继续拆解,2026-07-27
2026-07-27,智能仓储管理,Smart Warehouse Management,/solutions/smart-warehouse-management,https://www.seeedstudio.com.cn/solutions/smart-warehouse-management,https://www.seeed.cc/solutions/smart-warehouse-management,0,0,0.00,0.00%,待接入 CTA 点击事件,0,未命中,GA4未命中,GA4未命中：需确认 seeed.cc / 中文站是否接入当前 GA4 Property，或下一次用 /solutions 过滤专项拉数,若未命中，确认页面埋点和 GA4 property；若已命中，按渠道/CTA/表单继续拆解,2026-07-27
2026-07-27,智能视频分析,Intelligent Video Analytics,/solutions/intelligent-video-analytics,https://www.seeedstudio.com.cn/solutions/intelligent-video-analytics,https://www.seeed.cc/solutions/intelligent-video-analytics,0,0,0.00,0.00%,待接入 CTA 点击事件,0,未命中,GA4未命中,GA4未命中：需确认 seeed.cc / 中文站是否接入当前 GA4 Property，或下一次用 /solutions 过滤专项拉数,若未命中，确认页面埋点和 GA4 property；若已命中，按渠道/CTA/表单继续拆解,2026-07-27
2026-07-27,室内外定位,Indoor and Outdoor Positioning,/solutions/indoor-outdoor-positioning,https://www.seeedstudio.com.cn/solutions/indoor-outdoor-positioning,https://www.seeed.cc/solutions/indoor-outdoor-positioning,0,0,0.00,0.00%,待接入 CTA 点击事件,0,未命中,GA4未命中,GA4未命中：需确认 seeed.cc / 中文站是否接入当前 GA4 Property，或下一次用 /solutions 过滤专项拉数,若未命中，确认页面埋点和 GA4 property；若已命中，按渠道/CTA/表单继续拆解,2026-07-27
2026-07-27,对话式语音 AI,Conversational Voice AI,/solutions/conversational-voice-ai,https://www.seeedstudio.com.cn/solutions/conversational-voice-ai,https://www.seeed.cc/solutions/conversational-voice-ai,0,0,0.00,0.00%,待接入 CTA 点击事件,0,未命中,GA4未命中,GA4未命中：需确认 seeed.cc / 中文站是否接入当前 GA4 Property，或下一次用 /solutions 过滤专项拉数,若未命中，确认页面埋点和 GA4 property；若已命中，按渠道/CTA/表单继续拆解,2026-07-27
2026-07-27,环境监测,Environment Monitoring,/solutions/environment-monitoring,https://www.seeedstudio.com.cn/solutions/environment-monitoring,https://www.seeed.cc/solutions/environment-monitoring,0,0,0.00,0.00%,待接入 CTA 点击事件,0,未命中,GA4未命中,GA4未命中：需确认 seeed.cc / 中文站是否接入当前 GA4 Property，或下一次用 /solutions 过滤专项拉数,若未命中，确认页面埋点和 GA4 property；若已命中，按渠道/CTA/表单继续拆解,2026-07-27
2026-07-27,楼宇能源改造,Building Energy Retrofit,/solutions/building-energy-retrofit,https://www.seeedstudio.com.cn/solutions/building-energy-retrofit,https://www.seeed.cc/solutions/building-energy-retrofit,0,0,0.00,0.00%,待接入 CTA 点击事件,0,未命中,GA4未命中,GA4未命中：需确认 seeed.cc / 中文站是否接入当前 GA4 Property，或下一次用 /solutions 过滤专项拉数,若未命中，确认页面埋点和 GA4 property；若已命中，按渠道/CTA/表单继续拆解,2026-07-27
2026-07-27,智能畜牧养殖,Smart Livestock Farming,/solutions/smart-livestock-farming,https://www.seeedstudio.com.cn/solutions/smart-livestock-farming,https://www.seeed.cc/solutions/smart-livestock-farming,0,0,0.00,0.00%,待接入 CTA 点击事件,0,未命中,GA4未命中,GA4未命中：需确认 seeed.cc / 中文站是否接入当前 GA4 Property，或下一次用 /solutions 过滤专项拉数,若未命中，确认页面埋点和 GA4 property；若已命中，按渠道/CTA/表单继续拆解,2026-07-27
2026-07-27,智慧农业传感,Smart Agriculture Sensing,/solutions/smart-agriculture-sensing,https://www.seeedstudio.com.cn/solutions/smart-agriculture-sensing,https://www.seeed.cc/solutions/smart-agriculture-sensing,0,0,0.00,0.00%,待接入 CTA 点击事件,0,未命中,GA4未命中,GA4未命中：需确认 seeed.cc / 中文站是否接入当前 GA4 Property，或下一次用 /solutions 过滤专项拉数,若未命中，确认页面埋点和 GA4 property；若已命中，按渠道/CTA/表单继续拆解,2026-07-27
2026-07-27,校园安全管理,Campus Safety Management,/solutions/campus-safety-management,https://www.seeedstudio.com.cn/solutions/campus-safety-management,https://www.seeed.cc/solutions/campus-safety-management,0,0,0.00,0.00%,待接入 CTA 点击事件,0,未命中,GA4未命中,GA4未命中：需确认 seeed.cc / 中文站是否接入当前 GA4 Property，或下一次用 /solutions 过滤专项拉数,若未命中，确认页面埋点和 GA4 property；若已命中，按渠道/CTA/表单继续拆解,2026-07-27
2026-07-27,应急响应,Hazard Response,/solutions/hazard-response,https://www.seeedstudio.com.cn/solutions/hazard-response,https://www.seeed.cc/solutions/hazard-response,0,0,0.00,0.00%,待接入 CTA 点击事件,0,未命中,GA4未命中,GA4未命中：需确认 seeed.cc / 中文站是否接入当前 GA4 Property，或下一次用 /solutions 过滤专项拉数,若未命中，确认页面埋点和 GA4 property；若已命中，按渠道/CTA/表单继续拆解,2026-07-27
2026-07-27,楼宇能源管理,Building Energy Management,/solutions/building-energy-management,https://www.seeedstudio.com.cn/solutions/building-energy-management,https://www.seeed.cc/solutions/building-energy-management,0,0,0.00,0.00%,待接入 CTA 点击事件,0,未命中,GA4未命中,GA4未命中：需确认 seeed.cc / 中文站是否接入当前 GA4 Property，或下一次用 /solutions 过滤专项拉数,若未命中，确认页面埋点和 GA4 property；若已命中，按渠道/CTA/表单继续拆解,2026-07-27
