最新周次,周范围,数据覆盖,solution名称,solution路径,英文名称,中英日URL,匹配路径别名,落地页访问量,独立访客数,会话数,平均停留时长秒,参与率,跳出率,关键事件数(GA conversions),关键事件转化率,主要流量来源,页面浏览事件(page_view),滚动事件(scroll),首次访问(first_visit),会话开始(session_start),用户互动(user_engagement),关键事件(keyEvents),数据状态
2026-06-29,2026-06-29 至 2026-07-05,2026-06-30 至 2026-07-05,语音采集与分析,/solutions/voicecollectionanalysis,Voice Collection and Analysis,https://www.seeedstudio.com.cn/solutions/voicecollectionanalysis | https://www.seeed.cc/solutions/voicecollectionanalysis | https://www.seeed.co.jp/solutions/voicecollectionanalysis,/solutions/voicecollectionanalysis | /voicecollectionanalysis | /respeaker-clip-wearable-ai-recorder.html | /blog/2026/02/03/from-hearing-clearly-to-understanding-sound-how-respeaker-brings-voice-ai-into-real-world-scenarios/,7896,2740,2919,38.49,94.00%,6.00%,151,5.17%,Email,0,0,0,0,0,0,有GA页面数据
2026-06-29,2026-06-29 至 2026-07-05,2026-06-30 至 2026-07-05,智能仓储管理,/solutions/smart-warehouse-management,Smart Warehouse Management,https://www.seeedstudio.com.cn/solutions/smart-warehouse-management | https://www.seeed.cc/solutions/smart-warehouse-management | https://www.seeed.co.jp/solutions/smart-warehouse-management,/solutions/smart-warehouse-management | /smart-warehouse-management,0,0,0,0.00,0.00%,0.00%,0,0.00%,GA4本周未命中,0,0,0,0,0,0,GA4本周未命中该方案页
2026-06-29,2026-06-29 至 2026-07-05,2026-06-30 至 2026-07-05,智能视频分析,/solutions/intelligent-video-analytics,Intelligent Video Analytics,https://www.seeedstudio.com.cn/solutions/intelligent-video-analytics | https://www.seeed.cc/solutions/intelligent-video-analytics | https://www.seeed.co.jp/solutions/intelligent-video-analytics,/solutions/intelligent-video-analytics | /intelligent-video-analytics | /intelligent-video-analytics,44,16,21,19.38,85.71%,14.29%,0,0.00%,Paid Search,0,0,0,0,0,0,有GA页面数据
2026-06-29,2026-06-29 至 2026-07-05,2026-06-30 至 2026-07-05,室内外定位,/solutions/indoor-outdoor-positioning,Indoor and Outdoor Positioning,https://www.seeedstudio.com.cn/solutions/indoor-outdoor-positioning | https://www.seeed.cc/solutions/indoor-outdoor-positioning | https://www.seeed.co.jp/solutions/indoor-outdoor-positioning,/solutions/indoor-outdoor-positioning | /indoor-outdoor-positioning | /sensecap-t1000-tracker | /Positioning-Tracker-c-2495.html,365,160,172,39.03,93.60%,6.40%,0,0.00%,Organic Search,0,0,0,0,0,0,有GA页面数据
2026-06-29,2026-06-29 至 2026-07-05,2026-06-30 至 2026-07-05,对话式语音 AI,/solutions/conversational-voice-ai,Conversational Voice AI,https://www.seeedstudio.com.cn/solutions/conversational-voice-ai | https://www.seeed.cc/solutions/conversational-voice-ai | https://www.seeed.co.jp/solutions/conversational-voice-ai,/solutions/conversational-voice-ai | /conversational-voice-ai | /Home-Assistant-Voice-p-6998.html | /ReSpeaker-Lite-Voice-Assistant-Kit-p-5929.html,3616,1418,1529,36.24,87.38%,12.62%,88,5.76%,Referral,0,0,0,0,0,0,有GA页面数据
2026-06-29,2026-06-29 至 2026-07-05,2026-06-30 至 2026-07-05,环境监测,/solutions/environment-monitoring,Environment Monitoring,https://www.seeedstudio.com.cn/solutions/environment-monitoring | https://www.seeed.cc/solutions/environment-monitoring | https://www.seeed.co.jp/solutions/environment-monitoring,/solutions/environment-monitoring | /environment-monitoring | /industries/environment-monitoring | /Environment-Monitoring-c-2535.html | /blog/environment-monitoring/,60,34,36,19.53,91.67%,8.33%,0,0.00%,Organic Search,0,0,0,0,0,0,有GA页面数据
2026-06-29,2026-06-29 至 2026-07-05,2026-06-30 至 2026-07-05,楼宇能源改造,/solutions/building-energy-retrofit,Building Energy Retrofit,https://www.seeedstudio.com.cn/solutions/building-energy-retrofit | https://www.seeed.cc/solutions/building-energy-retrofit | https://www.seeed.co.jp/solutions/building-energy-retrofit,/solutions/building-energy-retrofit | /building-energy-retrofit | /blog/2024/05/14/introducing-recomputer-r1000-an-industrial-edge-iot-gateway-powered-by-raspberry-pi-ideal-for-smart-building-and-energy-management/,0,0,0,0.00,0.00%,0.00%,0,0.00%,GA4本周未命中,0,0,0,0,0,0,GA4本周未命中该方案页
2026-06-29,2026-06-29 至 2026-07-05,2026-06-30 至 2026-07-05,智能畜牧养殖,/solutions/smart-livestock-farming,Smart Livestock Farming,https://www.seeedstudio.com.cn/solutions/smart-livestock-farming | https://www.seeed.cc/solutions/smart-livestock-farming | https://www.seeed.co.jp/solutions/smart-livestock-farming,/solutions/smart-livestock-farming | /smart-livestock-farming | /Farming-Environment-Monitoring.html,14,4,4,3.50,100.00%,0.00%,0,0.00%,Direct,0,0,0,0,0,0,有GA页面数据
2026-06-29,2026-06-29 至 2026-07-05,2026-06-30 至 2026-07-05,智慧农业传感,/solutions/smart-agriculture-sensing,Smart Agriculture Sensing,https://www.seeedstudio.com.cn/solutions/smart-agriculture-sensing | https://www.seeed.cc/solutions/smart-agriculture-sensing | https://www.seeed.co.jp/solutions/smart-agriculture-sensing,/solutions/smart-agriculture-sensing | /smart-agriculture-sensing | /Wireless-Smart-Agriculture-Kit-Outdoor-p-4950.html,19,4,4,135.25,100.00%,0.00%,0,0.00%,Direct,0,0,0,0,0,0,有GA页面数据
2026-06-29,2026-06-29 至 2026-07-05,2026-06-30 至 2026-07-05,校园安全管理,/solutions/campus-safety-management,Campus Safety Management,https://www.seeedstudio.com.cn/solutions/campus-safety-management | https://www.seeed.cc/solutions/campus-safety-management | https://www.seeed.co.jp/solutions/campus-safety-management,/solutions/campus-safety-management | /campus-safety-management | /lorawan-safety-badge,0,0,0,0.00,0.00%,0.00%,0,0.00%,GA4本周未命中,0,0,0,0,0,0,GA4本周未命中该方案页
2026-06-29,2026-06-29 至 2026-07-05,2026-06-30 至 2026-07-05,应急响应,/solutions/hazard-response,Hazard Response,https://www.seeedstudio.com.cn/solutions/hazard-response | https://www.seeed.cc/solutions/hazard-response | https://www.seeed.co.jp/solutions/hazard-response,/solutions/hazard-response | /hazard-response | /Mission-Pack.html | /blog/2023/11/29/hazard-response-mission-pack-october-workshops-recap/,6,3,3,6.00,66.67%,33.33%,0,0.00%,Unassigned,0,0,0,0,0,0,有GA页面数据
2026-06-29,2026-06-29 至 2026-07-05,2026-06-30 至 2026-07-05,楼宇能源管理,/solutions/building-energy-management,Building Energy Management,https://www.seeedstudio.com.cn/solutions/building-energy-management | https://www.seeed.cc/solutions/building-energy-management | https://www.seeed.co.jp/solutions/building-energy-management,/solutions/building-energy-management | /building-energy-management | /Energy-Shield.html | /blog/2024/05/14/introducing-recomputer-r1000-an-industrial-edge-iot-gateway-powered-by-raspberry-pi-ideal-for-smart-building-and-energy-management/,36,18,18,7.39,100.00%,0.00%,0,0.00%,Direct,0,0,0,0,0,0,有GA页面数据
2026-07-06,2026-07-06 至 2026-07-12,2026-07-06 至 2026-07-12,语音采集与分析,/solutions/voicecollectionanalysis,Voice Collection and Analysis,https://www.seeedstudio.com.cn/solutions/voicecollectionanalysis | https://www.seeed.cc/solutions/voicecollectionanalysis | https://www.seeed.co.jp/solutions/voicecollectionanalysis,/solutions/voicecollectionanalysis | /voicecollectionanalysis | /respeaker-clip-wearable-ai-recorder.html | /blog/2026/02/03/from-hearing-clearly-to-understanding-sound-how-respeaker-brings-voice-ai-into-real-world-scenarios/,7749,3105,3373,33.47,84.46%,15.54%,111,3.29%,Email,0,0,0,0,0,0,有GA页面数据
2026-07-06,2026-07-06 至 2026-07-12,2026-07-06 至 2026-07-12,智能仓储管理,/solutions/smart-warehouse-management,Smart Warehouse Management,https://www.seeedstudio.com.cn/solutions/smart-warehouse-management | https://www.seeed.cc/solutions/smart-warehouse-management | https://www.seeed.co.jp/solutions/smart-warehouse-management,/solutions/smart-warehouse-management | /smart-warehouse-management,0,0,0,0.00,0.00%,0.00%,0,0.00%,GA4本周未命中,0,0,0,0,0,0,GA4本周未命中该方案页
2026-07-06,2026-07-06 至 2026-07-12,2026-07-06 至 2026-07-12,智能视频分析,/solutions/intelligent-video-analytics,Intelligent Video Analytics,https://www.seeedstudio.com.cn/solutions/intelligent-video-analytics | https://www.seeed.cc/solutions/intelligent-video-analytics | https://www.seeed.co.jp/solutions/intelligent-video-analytics,/solutions/intelligent-video-analytics | /intelligent-video-analytics | /intelligent-video-analytics,25,12,14,23.86,100.00%,0.00%,0,0.00%,Paid Search,0,0,0,0,0,0,有GA页面数据
2026-07-06,2026-07-06 至 2026-07-12,2026-07-06 至 2026-07-12,室内外定位,/solutions/indoor-outdoor-positioning,Indoor and Outdoor Positioning,https://www.seeedstudio.com.cn/solutions/indoor-outdoor-positioning | https://www.seeed.cc/solutions/indoor-outdoor-positioning | https://www.seeed.co.jp/solutions/indoor-outdoor-positioning,/solutions/indoor-outdoor-positioning | /indoor-outdoor-positioning | /sensecap-t1000-tracker | /Positioning-Tracker-c-2495.html,362,167,175,35.08,93.14%,6.86%,0,0.00%,Organic Search,0,0,0,0,0,0,有GA页面数据
2026-07-06,2026-07-06 至 2026-07-12,2026-07-06 至 2026-07-12,对话式语音 AI,/solutions/conversational-voice-ai,Conversational Voice AI,https://www.seeedstudio.com.cn/solutions/conversational-voice-ai | https://www.seeed.cc/solutions/conversational-voice-ai | https://www.seeed.co.jp/solutions/conversational-voice-ai,/solutions/conversational-voice-ai | /conversational-voice-ai | /Home-Assistant-Voice-p-6998.html | /ReSpeaker-Lite-Voice-Assistant-Kit-p-5929.html,4927,1813,1945,24.76,86.02%,13.98%,128,6.58%,Referral,0,0,0,0,0,0,有GA页面数据
2026-07-06,2026-07-06 至 2026-07-12,2026-07-06 至 2026-07-12,环境监测,/solutions/environment-monitoring,Environment Monitoring,https://www.seeedstudio.com.cn/solutions/environment-monitoring | https://www.seeed.cc/solutions/environment-monitoring | https://www.seeed.co.jp/solutions/environment-monitoring,/solutions/environment-monitoring | /environment-monitoring | /industries/environment-monitoring | /Environment-Monitoring-c-2535.html | /blog/environment-monitoring/,50,31,33,17.48,90.91%,9.09%,0,0.00%,Organic Search,0,0,0,0,0,0,有GA页面数据
2026-07-06,2026-07-06 至 2026-07-12,2026-07-06 至 2026-07-12,楼宇能源改造,/solutions/building-energy-retrofit,Building Energy Retrofit,https://www.seeedstudio.com.cn/solutions/building-energy-retrofit | https://www.seeed.cc/solutions/building-energy-retrofit | https://www.seeed.co.jp/solutions/building-energy-retrofit,/solutions/building-energy-retrofit | /building-energy-retrofit | /blog/2024/05/14/introducing-recomputer-r1000-an-industrial-edge-iot-gateway-powered-by-raspberry-pi-ideal-for-smart-building-and-energy-management/,0,0,0,0.00,0.00%,0.00%,0,0.00%,GA4本周未命中,0,0,0,0,0,0,GA4本周未命中该方案页
2026-07-06,2026-07-06 至 2026-07-12,2026-07-06 至 2026-07-12,智能畜牧养殖,/solutions/smart-livestock-farming,Smart Livestock Farming,https://www.seeedstudio.com.cn/solutions/smart-livestock-farming | https://www.seeed.cc/solutions/smart-livestock-farming | https://www.seeed.co.jp/solutions/smart-livestock-farming,/solutions/smart-livestock-farming | /smart-livestock-farming | /Farming-Environment-Monitoring.html,6,1,1,8.00,100.00%,0.00%,0,0.00%,Organic Search,0,0,0,0,0,0,有GA页面数据
2026-07-06,2026-07-06 至 2026-07-12,2026-07-06 至 2026-07-12,智慧农业传感,/solutions/smart-agriculture-sensing,Smart Agriculture Sensing,https://www.seeedstudio.com.cn/solutions/smart-agriculture-sensing | https://www.seeed.cc/solutions/smart-agriculture-sensing | https://www.seeed.co.jp/solutions/smart-agriculture-sensing,/solutions/smart-agriculture-sensing | /smart-agriculture-sensing | /Wireless-Smart-Agriculture-Kit-Outdoor-p-4950.html,7,2,2,18.50,100.00%,0.00%,0,0.00%,Direct,0,0,0,0,0,0,有GA页面数据
2026-07-06,2026-07-06 至 2026-07-12,2026-07-06 至 2026-07-12,校园安全管理,/solutions/campus-safety-management,Campus Safety Management,https://www.seeedstudio.com.cn/solutions/campus-safety-management | https://www.seeed.cc/solutions/campus-safety-management | https://www.seeed.co.jp/solutions/campus-safety-management,/solutions/campus-safety-management | /campus-safety-management | /lorawan-safety-badge,17,3,3,40.00,100.00%,0.00%,0,0.00%,Organic Search,0,0,0,0,0,0,有GA页面数据
2026-07-06,2026-07-06 至 2026-07-12,2026-07-06 至 2026-07-12,应急响应,/solutions/hazard-response,Hazard Response,https://www.seeedstudio.com.cn/solutions/hazard-response | https://www.seeed.cc/solutions/hazard-response | https://www.seeed.co.jp/solutions/hazard-response,/solutions/hazard-response | /hazard-response | /Mission-Pack.html | /blog/2023/11/29/hazard-response-mission-pack-october-workshops-recap/,25,7,8,66.37,100.00%,0.00%,0,0.00%,Referral,0,0,0,0,0,0,有GA页面数据
2026-07-06,2026-07-06 至 2026-07-12,2026-07-06 至 2026-07-12,楼宇能源管理,/solutions/building-energy-management,Building Energy Management,https://www.seeedstudio.com.cn/solutions/building-energy-management | https://www.seeed.cc/solutions/building-energy-management | https://www.seeed.co.jp/solutions/building-energy-management,/solutions/building-energy-management | /building-energy-management | /Energy-Shield.html | /blog/2024/05/14/introducing-recomputer-r1000-an-industrial-edge-iot-gateway-powered-by-raspberry-pi-ideal-for-smart-building-and-energy-management/,15,8,8,9.62,100.00%,0.00%,0,0.00%,Direct,0,0,0,0,0,0,有GA页面数据
2026-07-13,2026-07-13 至 2026-07-19,2026-07-13 至 2026-07-19,语音采集与分析,/solutions/voicecollectionanalysis,Voice Collection and Analysis,https://www.seeedstudio.com.cn/solutions/voicecollectionanalysis | https://www.seeed.cc/solutions/voicecollectionanalysis | https://www.seeed.co.jp/solutions/voicecollectionanalysis,/solutions/voicecollectionanalysis | /voicecollectionanalysis | /respeaker-clip-wearable-ai-recorder.html | /blog/2026/02/03/from-hearing-clearly-to-understanding-sound-how-respeaker-brings-voice-ai-into-real-world-scenarios/,4078,1487,1619,32.43,90.92%,9.08%,61,3.77%,Organic Search,0,0,0,0,0,0,有GA页面数据
2026-07-13,2026-07-13 至 2026-07-19,2026-07-13 至 2026-07-19,智能仓储管理,/solutions/smart-warehouse-management,Smart Warehouse Management,https://www.seeedstudio.com.cn/solutions/smart-warehouse-management | https://www.seeed.cc/solutions/smart-warehouse-management | https://www.seeed.co.jp/solutions/smart-warehouse-management,/solutions/smart-warehouse-management | /smart-warehouse-management,0,0,0,0.00,0.00%,0.00%,0,0.00%,GA4本周未命中,0,0,0,0,0,0,GA4本周未命中该方案页
2026-07-13,2026-07-13 至 2026-07-19,2026-07-13 至 2026-07-19,智能视频分析,/solutions/intelligent-video-analytics,Intelligent Video Analytics,https://www.seeedstudio.com.cn/solutions/intelligent-video-analytics | https://www.seeed.cc/solutions/intelligent-video-analytics | https://www.seeed.co.jp/solutions/intelligent-video-analytics,/solutions/intelligent-video-analytics | /intelligent-video-analytics | /intelligent-video-analytics,36,16,19,9.58,84.21%,15.79%,0,0.00%,Direct,0,0,0,0,0,0,有GA页面数据
2026-07-13,2026-07-13 至 2026-07-19,2026-07-13 至 2026-07-19,室内外定位,/solutions/indoor-outdoor-positioning,Indoor and Outdoor Positioning,https://www.seeedstudio.com.cn/solutions/indoor-outdoor-positioning | https://www.seeed.cc/solutions/indoor-outdoor-positioning | https://www.seeed.co.jp/solutions/indoor-outdoor-positioning,/solutions/indoor-outdoor-positioning | /indoor-outdoor-positioning | /sensecap-t1000-tracker | /Positioning-Tracker-c-2495.html,378,167,183,32.02,91.26%,8.74%,0,0.00%,Organic Search,0,0,0,0,0,0,有GA页面数据
2026-07-13,2026-07-13 至 2026-07-19,2026-07-13 至 2026-07-19,对话式语音 AI,/solutions/conversational-voice-ai,Conversational Voice AI,https://www.seeedstudio.com.cn/solutions/conversational-voice-ai | https://www.seeed.cc/solutions/conversational-voice-ai | https://www.seeed.co.jp/solutions/conversational-voice-ai,/solutions/conversational-voice-ai | /conversational-voice-ai | /Home-Assistant-Voice-p-6998.html | /ReSpeaker-Lite-Voice-Assistant-Kit-p-5929.html,5080,1883,2005,23.13,85.64%,14.36%,107,5.34%,Referral,0,0,0,0,0,0,有GA页面数据
2026-07-13,2026-07-13 至 2026-07-19,2026-07-13 至 2026-07-19,环境监测,/solutions/environment-monitoring,Environment Monitoring,https://www.seeedstudio.com.cn/solutions/environment-monitoring | https://www.seeed.cc/solutions/environment-monitoring | https://www.seeed.co.jp/solutions/environment-monitoring,/solutions/environment-monitoring | /environment-monitoring | /industries/environment-monitoring | /Environment-Monitoring-c-2535.html | /blog/environment-monitoring/,74,37,39,19.97,97.44%,2.56%,1,2.56%,Unassigned,0,0,0,0,0,0,有GA页面数据
2026-07-13,2026-07-13 至 2026-07-19,2026-07-13 至 2026-07-19,楼宇能源改造,/solutions/building-energy-retrofit,Building Energy Retrofit,https://www.seeedstudio.com.cn/solutions/building-energy-retrofit | https://www.seeed.cc/solutions/building-energy-retrofit | https://www.seeed.co.jp/solutions/building-energy-retrofit,/solutions/building-energy-retrofit | /building-energy-retrofit | /blog/2024/05/14/introducing-recomputer-r1000-an-industrial-edge-iot-gateway-powered-by-raspberry-pi-ideal-for-smart-building-and-energy-management/,9,1,3,0.00,100.00%,0.00%,0,0.00%,Unassigned,0,0,0,0,0,0,有GA页面数据
2026-07-13,2026-07-13 至 2026-07-19,2026-07-13 至 2026-07-19,智能畜牧养殖,/solutions/smart-livestock-farming,Smart Livestock Farming,https://www.seeedstudio.com.cn/solutions/smart-livestock-farming | https://www.seeed.cc/solutions/smart-livestock-farming | https://www.seeed.co.jp/solutions/smart-livestock-farming,/solutions/smart-livestock-farming | /smart-livestock-farming | /Farming-Environment-Monitoring.html,0,0,0,0.00,0.00%,0.00%,0,0.00%,GA4本周未命中,0,0,0,0,0,0,GA4本周未命中该方案页
2026-07-13,2026-07-13 至 2026-07-19,2026-07-13 至 2026-07-19,智慧农业传感,/solutions/smart-agriculture-sensing,Smart Agriculture Sensing,https://www.seeedstudio.com.cn/solutions/smart-agriculture-sensing | https://www.seeed.cc/solutions/smart-agriculture-sensing | https://www.seeed.co.jp/solutions/smart-agriculture-sensing,/solutions/smart-agriculture-sensing | /smart-agriculture-sensing | /Wireless-Smart-Agriculture-Kit-Outdoor-p-4950.html,0,0,0,0.00,0.00%,0.00%,0,0.00%,GA4本周未命中,0,0,0,0,0,0,GA4本周未命中该方案页
2026-07-13,2026-07-13 至 2026-07-19,2026-07-13 至 2026-07-19,校园安全管理,/solutions/campus-safety-management,Campus Safety Management,https://www.seeedstudio.com.cn/solutions/campus-safety-management | https://www.seeed.cc/solutions/campus-safety-management | https://www.seeed.co.jp/solutions/campus-safety-management,/solutions/campus-safety-management | /campus-safety-management | /lorawan-safety-badge,0,0,0,0.00,0.00%,0.00%,0,0.00%,GA4本周未命中,0,0,0,0,0,0,GA4本周未命中该方案页
2026-07-13,2026-07-13 至 2026-07-19,2026-07-13 至 2026-07-19,应急响应,/solutions/hazard-response,Hazard Response,https://www.seeedstudio.com.cn/solutions/hazard-response | https://www.seeed.cc/solutions/hazard-response | https://www.seeed.co.jp/solutions/hazard-response,/solutions/hazard-response | /hazard-response | /Mission-Pack.html | /blog/2023/11/29/hazard-response-mission-pack-october-workshops-recap/,9,2,2,142.00,100.00%,0.00%,0,0.00%,Direct,0,0,0,0,0,0,有GA页面数据
2026-07-13,2026-07-13 至 2026-07-19,2026-07-13 至 2026-07-19,楼宇能源管理,/solutions/building-energy-management,Building Energy Management,https://www.seeedstudio.com.cn/solutions/building-energy-management | https://www.seeed.cc/solutions/building-energy-management | https://www.seeed.co.jp/solutions/building-energy-management,/solutions/building-energy-management | /building-energy-management | /Energy-Shield.html | /blog/2024/05/14/introducing-recomputer-r1000-an-industrial-edge-iot-gateway-powered-by-raspberry-pi-ideal-for-smart-building-and-energy-management/,9,1,3,0.00,100.00%,0.00%,0,0.00%,Unassigned,0,0,0,0,0,0,有GA页面数据
2026-07-20,2026-07-20 至 2026-07-26,2026-07-20 至 2026-07-26,语音采集与分析,/solutions/voicecollectionanalysis,Voice Collection and Analysis,https://www.seeedstudio.com.cn/solutions/voicecollectionanalysis | https://www.seeed.cc/solutions/voicecollectionanalysis | https://www.seeed.co.jp/solutions/voicecollectionanalysis,/solutions/voicecollectionanalysis | /voicecollectionanalysis | /respeaker-clip-wearable-ai-recorder.html | /blog/2026/02/03/from-hearing-clearly-to-understanding-sound-how-respeaker-brings-voice-ai-into-real-world-scenarios/,3696,1330,1437,33.53,93.25%,6.75%,58,4.04%,Direct,0,0,0,0,0,0,有GA页面数据
2026-07-20,2026-07-20 至 2026-07-26,2026-07-20 至 2026-07-26,智能仓储管理,/solutions/smart-warehouse-management,Smart Warehouse Management,https://www.seeedstudio.com.cn/solutions/smart-warehouse-management | https://www.seeed.cc/solutions/smart-warehouse-management | https://www.seeed.co.jp/solutions/smart-warehouse-management,/solutions/smart-warehouse-management | /smart-warehouse-management,6,2,2,2.50,100.00%,0.00%,0,0.00%,Paid Search,6,3,0,1,1,0,有GA页面数据
2026-07-20,2026-07-20 至 2026-07-26,2026-07-20 至 2026-07-26,智能视频分析,/solutions/intelligent-video-analytics,Intelligent Video Analytics,https://www.seeedstudio.com.cn/solutions/intelligent-video-analytics | https://www.seeed.cc/solutions/intelligent-video-analytics | https://www.seeed.co.jp/solutions/intelligent-video-analytics,/solutions/intelligent-video-analytics | /intelligent-video-analytics | /intelligent-video-analytics,20,12,14,20.64,78.57%,21.43%,0,0.00%,Direct,19,5,5,6,5,0,有GA页面数据
2026-07-20,2026-07-20 至 2026-07-26,2026-07-20 至 2026-07-26,室内外定位,/solutions/indoor-outdoor-positioning,Indoor and Outdoor Positioning,https://www.seeedstudio.com.cn/solutions/indoor-outdoor-positioning | https://www.seeed.cc/solutions/indoor-outdoor-positioning | https://www.seeed.co.jp/solutions/indoor-outdoor-positioning,/solutions/indoor-outdoor-positioning | /indoor-outdoor-positioning | /sensecap-t1000-tracker | /Positioning-Tracker-c-2495.html,361,145,158,133.78,89.24%,10.76%,1,0.63%,Organic Search,0,0,0,0,0,0,有GA页面数据
2026-07-20,2026-07-20 至 2026-07-26,2026-07-20 至 2026-07-26,对话式语音 AI,/solutions/conversational-voice-ai,Conversational Voice AI,https://www.seeedstudio.com.cn/solutions/conversational-voice-ai | https://www.seeed.cc/solutions/conversational-voice-ai | https://www.seeed.co.jp/solutions/conversational-voice-ai,/solutions/conversational-voice-ai | /conversational-voice-ai | /Home-Assistant-Voice-p-6998.html | /ReSpeaker-Lite-Voice-Assistant-Kit-p-5929.html,4164,1481,1591,26.34,90.63%,9.37%,109,6.85%,Referral,0,0,0,0,0,0,有GA页面数据
2026-07-20,2026-07-20 至 2026-07-26,2026-07-20 至 2026-07-26,环境监测,/solutions/environment-monitoring,Environment Monitoring,https://www.seeedstudio.com.cn/solutions/environment-monitoring | https://www.seeed.cc/solutions/environment-monitoring | https://www.seeed.co.jp/solutions/environment-monitoring,/solutions/environment-monitoring | /environment-monitoring | /industries/environment-monitoring | /Environment-Monitoring-c-2535.html | /blog/environment-monitoring/,64,34,36,24.44,91.67%,8.33%,0,0.00%,Organic Search,0,0,0,0,0,0,有GA页面数据
2026-07-20,2026-07-20 至 2026-07-26,2026-07-20 至 2026-07-26,楼宇能源改造,/solutions/building-energy-retrofit,Building Energy Retrofit,https://www.seeedstudio.com.cn/solutions/building-energy-retrofit | https://www.seeed.cc/solutions/building-energy-retrofit | https://www.seeed.co.jp/solutions/building-energy-retrofit,/solutions/building-energy-retrofit | /building-energy-retrofit | /blog/2024/05/14/introducing-recomputer-r1000-an-industrial-edge-iot-gateway-powered-by-raspberry-pi-ideal-for-smart-building-and-energy-management/,0,0,0,0.00,0.00%,0.00%,0,0.00%,GA4本周未命中,0,0,0,0,0,0,GA4本周未命中该方案页
2026-07-20,2026-07-20 至 2026-07-26,2026-07-20 至 2026-07-26,智能畜牧养殖,/solutions/smart-livestock-farming,Smart Livestock Farming,https://www.seeedstudio.com.cn/solutions/smart-livestock-farming | https://www.seeed.cc/solutions/smart-livestock-farming | https://www.seeed.co.jp/solutions/smart-livestock-farming,/solutions/smart-livestock-farming | /smart-livestock-farming | /Farming-Environment-Monitoring.html,0,0,0,0.00,0.00%,0.00%,0,0.00%,GA4本周未命中,0,0,0,0,0,0,GA4本周未命中该方案页
2026-07-20,2026-07-20 至 2026-07-26,2026-07-20 至 2026-07-26,智慧农业传感,/solutions/smart-agriculture-sensing,Smart Agriculture Sensing,https://www.seeedstudio.com.cn/solutions/smart-agriculture-sensing | https://www.seeed.cc/solutions/smart-agriculture-sensing | https://www.seeed.co.jp/solutions/smart-agriculture-sensing,/solutions/smart-agriculture-sensing | /smart-agriculture-sensing | /Wireless-Smart-Agriculture-Kit-Outdoor-p-4950.html,0,0,0,0.00,0.00%,0.00%,0,0.00%,GA4本周未命中,0,0,0,0,0,0,GA4本周未命中该方案页
2026-07-20,2026-07-20 至 2026-07-26,2026-07-20 至 2026-07-26,校园安全管理,/solutions/campus-safety-management,Campus Safety Management,https://www.seeedstudio.com.cn/solutions/campus-safety-management | https://www.seeed.cc/solutions/campus-safety-management | https://www.seeed.co.jp/solutions/campus-safety-management,/solutions/campus-safety-management | /campus-safety-management | /lorawan-safety-badge,9,2,2,2.00,100.00%,0.00%,0,0.00%,Organic Search,0,0,0,0,0,0,有GA页面数据
2026-07-20,2026-07-20 至 2026-07-26,2026-07-20 至 2026-07-26,应急响应,/solutions/hazard-response,Hazard Response,https://www.seeedstudio.com.cn/solutions/hazard-response | https://www.seeed.cc/solutions/hazard-response | https://www.seeed.co.jp/solutions/hazard-response,/solutions/hazard-response | /hazard-response | /Mission-Pack.html | /blog/2023/11/29/hazard-response-mission-pack-october-workshops-recap/,18,7,7,8.00,71.43%,28.57%,0,0.00%,Direct,0,0,0,0,0,0,有GA页面数据
2026-07-20,2026-07-20 至 2026-07-26,2026-07-20 至 2026-07-26,楼宇能源管理,/solutions/building-energy-management,Building Energy Management,https://www.seeedstudio.com.cn/solutions/building-energy-management | https://www.seeed.cc/solutions/building-energy-management | https://www.seeed.co.jp/solutions/building-energy-management,/solutions/building-energy-management | /building-energy-management | /Energy-Shield.html | /blog/2024/05/14/introducing-recomputer-r1000-an-industrial-edge-iot-gateway-powered-by-raspberry-pi-ideal-for-smart-building-and-energy-management/,0,0,0,0.00,0.00%,0.00%,0,0.00%,GA4本周未命中,0,0,0,0,0,0,GA4本周未命中该方案页
