slug,lang,screen_page_views,active_users,sessions,avg_engagement_seconds,key_events
acoustic-audio-ai,CN,8,3,4,17.8,0
acoustic-audio-ai,EN,57,43,43,24.4,0
acoustic-audio-ai,JP,2,2,3,10.7,0
ai-vision-analytics,EN,1,1,1,3.0,0
building-energy-management,CN,75,74,80,34.2,0
building-energy-management,EN,199,182,209,32.4,2
building-energy-management,JP,8,10,10,5.7,0
building-energy-retrofit,CN,53,45,54,51.3,0
building-energy-retrofit,EN,120,112,122,50.0,1
building-energy-retrofit,JP,4,4,4,79.0,0
campus-safety-management,CN,43,42,43,43.8,0
campus-safety-management,EN,145,134,154,31.3,0
campus-safety-management,JP,14,12,13,26.7,0
casino-gaming,EN,2,2,2,1.0,0
conversational-voice-ai,CN,308,282,315,54.6,2
conversational-voice-ai,EN,529,466,566,46.4,2
conversational-voice-ai,JP,12,12,12,16.4,0
conversational_voice_ai,EN,5,2,3,9.0,0
device-automation-control,EN,1,1,1,3.0,0
edge-ai,EN,2,2,2,4.0,0
enhancing-safety-in-mining-operations-by-using-raspberry-pi-powered-hmi-gateway-for-distance-detection-and-warning,EN,2,1,1,10.0,0
environment-monitoring,CN,60,60,68,39.5,0
environment-monitoring,EN,252,214,254,37.1,1
environment-monitoring,JP,9,9,10,21.2,0
fall_detection,CN,2,1,1,16.0,0
fall_detection,EN,9,5,5,11.6,0
hazard-response,CN,55,65,68,37.1,0
hazard-response,EN,173,155,176,40.3,0
hazard-response,JP,5,5,5,3.6,0
home-building-automation,CN,10,9,11,16.1,0
home-building-automation,EN,42,36,40,11.3,0
indoor-outdoor-integrated-positioning-emergency-alert,EN,1,1,1,0.0,0
indoor-outdoor-positioning,CN,46,50,56,38.1,0
indoor-outdoor-positioning,EN,182,164,188,33.7,0
indoor-outdoor-positioning,JP,12,11,12,29.8,0
industrial_security_jetson,EN,2,1,1,5.0,0
intelligent-video-analytics,CN,160,126,163,68.0,1
intelligent-video-analytics,EN,328,272,337,47.6,0
intelligent-video-analytics,JP,11,9,12,47.5,0
off-grid-environmental-monitoring,EN,1,1,1,4.0,0
off-grid-long-range-communication,CN,2,1,1,0.0,0
off-grid-mesh-communication,CN,50,41,44,36.6,0
off-grid-mesh-communication,EN,351,303,341,45.8,1
off-grid-mesh-communication,JP,5,5,5,13.4,0
people-flow-analysis-in-public-space-especially-avoid-missing-detection-due-to-occlusion,CN,1,1,1,105.0,0
reachy_claw_voice_robot,CN,1,1,1,37.0,0
retail-kiosk,EN,2,2,2,1.5,0
road-marking-system-integrated-with-raspberry-pi-powered-device-empower-infrastructure-by-road-marking,EN,1,1,1,32.0,0
smart-agriculture-sensing,CN,86,76,90,39.8,0
smart-agriculture-sensing,EN,328,264,322,37.3,1
smart-agriculture-sensing,JP,23,17,18,29.9,0
smart-livestock-farming,CN,102,84,95,41.2,0
smart-livestock-farming,EN,355,248,354,23.9,0
smart-livestock-farming,JP,29,28,30,20.9,0
smart-poultry-farm-in-canada-enhancing-production-efficiency-and-animal-welfare-with-aiot-technologies,CN,1,1,1,11.0,0
smart-spatial-interaction,EN,15,12,12,3.0,0
smart-warehouse-management,CN,101,94,105,47.9,1
smart-warehouse-management,EN,264,241,275,30.6,1
smart-warehouse-management,JP,12,11,12,23.1,0
surface-crack-detection-and-localization-with-seeeds-raspberry-pi-powered-reterminal,CN,1,1,1,77.0,0
voice_rebot_arm,CN,1,1,1,32.0,0
voice_rebot_arm,EN,1,1,1,29.0,0
voicecollectionanalysis,CN,115,115,123,29.7,0
voicecollectionanalysis,EN,798,713,845,25.4,1
voicecollectionanalysis,JP,8,9,9,50.8,0
voicecollectionanalysis-draft,EN,4,4,4,0.0,0
